{
  "created_at": "2026-07-10 09:00:50",
  "meaning": {
    "best_center_change": "largest center group increase relative to this port's level=0 row",
    "best_contrast_score": "center_change - edge_mean_change; larger is better for center bump",
    "best_rim_down_score": "positive means edge groups moved downward on average"
  },
  "table": [
    {
      "best_center_change": 0.24721374170583807,
      "best_center_level": 0.1,
      "best_contrast_level": 0.1,
      "best_contrast_score": 0.24262761839711705,
      "best_rim_down_level": 0.3,
      "best_rim_down_score": 0.13054547397512437,
      "contrast_center_change": 0.24721374170583807,
      "contrast_edge_mean_change": 0.004586123308721008,
      "contrast_x_large_change": 0.004586121856288761,
      "contrast_x_small_change": 8.448872654698292e-05,
      "contrast_y_large_change": 0.07437702295409199,
      "contrast_y_small_change": -0.0607031403020437,
      "dominant_spatial_change": 0.24721374170583807,
      "dominant_spatial_group": "center",
      "port": 1,
      "role": "contrast_candidate"
    },
    {
      "best_center_change": 0.012002208336824749,
      "best_center_level": 0.3,
      "best_contrast_level": 0.3,
      "best_contrast_score": 0.13308869367874698,
      "best_rim_down_level": 0.3,
      "best_rim_down_score": 0.12108648534192225,
      "contrast_center_change": 0.012002208336824749,
      "contrast_edge_mean_change": -0.12108648534192225,
      "contrast_x_large_change": -0.16668745002794527,
      "contrast_x_small_change": -0.019882850442613995,
      "contrast_y_large_change": -0.029442018712575235,
      "contrast_y_small_change": -0.2683336221845545,
      "dominant_spatial_change": -0.2683336221845545,
      "dominant_spatial_group": "y_small",
      "port": 2,
      "role": "rim_shape_candidate"
    },
    {
      "best_center_change": 0.00872555492300453,
      "best_center_level": 0.3,
      "best_contrast_level": 0.1,
      "best_contrast_score": -0.000943634167937836,
      "best_rim_down_level": 0.1,
      "best_rim_down_score": 0.030293811480913445,
      "contrast_center_change": -0.03123744564885128,
      "contrast_edge_mean_change": -0.030293811480913445,
      "contrast_x_large_change": -0.09604290127145723,
      "contrast_x_small_change": -0.0021202075359277317,
      "contrast_y_large_change": 0.037293688622754506,
      "contrast_y_small_change": -0.06030582573902332,
      "dominant_spatial_change": -0.09604290127145723,
      "dominant_spatial_group": "x_large",
      "port": 3,
      "role": "weak_or_mixed"
    },
    {
      "best_center_change": 0.00568312435528856,
      "best_center_level": 0.2,
      "best_contrast_level": 0.1,
      "best_contrast_score": 0.040337933534031256,
      "best_rim_down_level": 0.1,
      "best_rim_down_score": 0.051844359463173506,
      "contrast_center_change": -0.01150642592914225,
      "contrast_edge_mean_change": -0.051844359463173506,
      "contrast_x_large_change": -0.14741158008981997,
      "contrast_x_small_change": 0.06512422346516947,
      "contrast_y_large_change": 0.010907026546906479,
      "contrast_y_small_change": -0.13599710777495,
      "dominant_spatial_change": -0.14741158008981997,
      "dominant_spatial_group": "x_large",
      "port": 4,
      "role": "weak_or_mixed"
    },
    {
      "best_center_change": -0.008915360983033582,
      "best_center_level": 0.3,
      "best_contrast_level": 0.1,
      "best_contrast_score": -0.12745041715531455,
      "best_rim_down_level": 0.1,
      "best_rim_down_score": -0.08806056470521481,
      "contrast_center_change": -0.03938985245009974,
      "contrast_edge_mean_change": 0.08806056470521481,
      "contrast_x_large_change": 0.11990611926147743,
      "contrast_x_small_change": 0.1451870137355283,
      "contrast_y_large_change": 0.029926694610778765,
      "contrast_y_small_change": 0.05722243121307474,
      "dominant_spatial_change": 0.1451870137355283,
      "dominant_spatial_group": "x_small",
      "port": 5,
      "role": "weak_or_mixed"
    },
    {
      "best_center_change": 0.024080153293412176,
      "best_center_level": 0.3,
      "best_contrast_level": 0.2,
      "best_contrast_score": -0.012337194375860096,
      "best_rim_down_level": 0.2,
      "best_rim_down_score": 0.05612462206625512,
      "contrast_center_change": -0.06846181644211521,
      "contrast_edge_mean_change": -0.05612462206625512,
      "contrast_x_large_change": -0.09640805439121769,
      "contrast_x_small_change": 0.015087957748951941,
      "contrast_y_large_change": 0.04807805688622724,
      "contrast_y_small_change": -0.19125644850898196,
      "dominant_spatial_change": -0.19125644850898196,
      "dominant_spatial_group": "y_small",
      "port": 6,
      "role": "weak_or_mixed"
    },
    {
      "best_center_change": 0.030036571207585017,
      "best_center_level": 0.3,
      "best_contrast_level": 0.3,
      "best_contrast_score": 0.13896051879619548,
      "best_rim_down_level": 0.3,
      "best_rim_down_score": 0.10892394758861045,
      "contrast_center_change": 0.030036571207585017,
      "contrast_edge_mean_change": -0.10892394758861045,
      "contrast_x_large_change": -0.09310158617764508,
      "contrast_x_small_change": -0.06558417624750496,
      "contrast_y_large_change": -0.18434638872255527,
      "contrast_y_small_change": -0.09266363920673648,
      "dominant_spatial_change": -0.18434638872255527,
      "dominant_spatial_group": "y_large",
      "port": 7,
      "role": "rim_shape_candidate"
    },
    {
      "best_center_change": 0.2500823816457091,
      "best_center_level": 0.1,
      "best_contrast_level": 0.1,
      "best_contrast_score": 0.3052399783743518,
      "best_rim_down_level": 0.3,
      "best_rim_down_score": 0.1961290728787175,
      "contrast_center_change": 0.2500823816457091,
      "contrast_edge_mean_change": -0.05515759672864266,
      "contrast_x_large_change": -0.07824998652694604,
      "contrast_x_small_change": 0.05353191110778521,
      "contrast_y_large_change": -0.12648167664670734,
      "contrast_y_small_change": -0.06943063484870249,
      "dominant_spatial_change": 0.2500823816457091,
      "dominant_spatial_group": "center",
      "port": 8,
      "role": "center_up_candidate"
    },
    {
      "best_center_change": -0.016037454771456516,
      "best_center_level": 0.1,
      "best_contrast_level": 0.1,
      "best_contrast_score": 0.30590690382724595,
      "best_rim_down_level": 0.3,
      "best_rim_down_score": 0.6524671441103492,
      "contrast_center_change": -0.016037454771456516,
      "contrast_edge_mean_change": -0.32194435859870246,
      "contrast_x_large_change": -0.22341300484031906,
      "contrast_x_small_change": -0.1380070812286236,
      "contrast_y_large_change": -0.6871167435279437,
      "contrast_y_small_change": -0.23924060479792347,
      "dominant_spatial_change": -0.6871167435279437,
      "dominant_spatial_group": "y_large",
      "port": 9,
      "role": "rim_shape_candidate"
    },
    {
      "best_center_change": -0.0778450923534938,
      "best_center_level": 0.1,
      "best_contrast_level": 0.2,
      "best_contrast_score": 0.18608098176049204,
      "best_rim_down_level": 0.2,
      "best_rim_down_score": 0.27739203030689985,
      "contrast_center_change": -0.09131104854640781,
      "contrast_edge_mean_change": -0.27739203030689985,
      "contrast_x_large_change": -0.5967518934032483,
      "contrast_x_small_change": 0.11802997283283445,
      "contrast_y_large_change": 0.1118052619376248,
      "contrast_y_small_change": -0.7426514625948104,
      "dominant_spatial_change": -0.7426514625948104,
      "dominant_spatial_group": "y_small",
      "port": 10,
      "role": "rim_shape_candidate"
    },
    {
      "best_center_change": 0.3334254039141722,
      "best_center_level": 0.3,
      "best_contrast_level": 0.3,
      "best_contrast_score": 0.23414099442344,
      "best_rim_down_level": 0.1,